,year_,month_,mean_temp_celsius
794,1921,1,-5.300
795,1921,2,-2.300
796,1921,3,-0.900
797,1921,4,2.500
798,1921,5,4.600
799,1921,6,7.400
800,1921,7,10.200
801,1921,8,10.500
802,1921,9,5.700
803,1921,10,0.400
804,1921,11,-1.900
805,1921,12,-2.900
806,1922,1,-3.700
807,1922,2,-3.200
808,1922,3,-5.000
809,1922,4,0.700
810,1922,5,5.900
811,1922,6,10.600
812,1922,7,14.800
813,1922,8,11.900
814,1922,9,7.700
815,1922,10,2.300
816,1922,11,-1.800
817,1922,12,-5.100
818,1923,1,-2.600
819,1923,2,-3.300
820,1923,3,-0.500
821,1923,4,-1.100
822,1923,5,3.800
823,1923,6,4.800
824,1923,7,10.000
825,1923,8,8.700
826,1923,9,6.800
827,1923,10,2.300
828,1923,11,-1.200
829,1923,12,-3.200
830,1924,1,-2.500
831,1924,2,-6.100
832,1924,3,-5.100
833,1924,4,-1.200
834,1924,5,3.200
835,1924,6,7.100
836,1924,7,12.900
837,1924,8,12.800
838,1924,9,7.900
839,1924,10,5.600
840,1924,11,0.100
841,1924,12,-0.600
842,1925,1,0.400
843,1925,2,-2.900
844,1925,3,-5.100
845,1925,4,1.300
846,1925,5,4.300
847,1925,6,9.300
848,1925,7,13.400
849,1925,8,12.300
850,1925,9,8.500
851,1925,10,0.100
852,1925,11,-2.700
853,1925,12,-4.800
854,1926,1,-3.500
855,1926,2,-3.700
856,1926,3,-2.300
857,1926,4,-0.100
858,1926,5,3.900
859,1926,6,8.500
860,1926,7,10.800
861,1926,8,10.300
862,1926,9,6.900
863,1926,10,-0.500
864,1926,11,-0.300
865,1926,12,-4.500
866,1927,1,-5.300
867,1927,2,-2.600
868,1927,3,-3.200
869,1927,4,-1.100
870,1927,5,2.500
871,1927,6,8.300
872,1927,7,14.800
873,1927,8,12.900
874,1927,9,6.100
875,1927,10,0.500
876,1927,11,-1.600
877,1927,12,-2.500
878,1928,1,-2.200
879,1928,2,-1.500
880,1928,3,-1.500
881,1928,4,0.300
882,1928,5,3.400
883,1928,6,10.300
884,1928,7,10.300
885,1928,8,11.200
886,1928,9,6.700
887,1928,10,1.100
888,1928,11,-1.600
889,1928,12,-1.900
890,1929,1,-4.100
891,1929,2,-2.600
892,1929,3,-2.700
893,1929,4,-3.200
894,1929,5,5.000
895,1929,6,7.900
896,1929,7,9.000
897,1929,8,9.300
898,1929,9,7.700
899,1929,10,2.100
900,1929,11,1.300
901,1929,12,1.500
902,1930,1,-1.000
903,1930,2,-1.600
904,1930,3,-3.500
905,1930,4,2.100
906,1930,5,6.000
907,1930,6,10.000
908,1930,7,14.200
909,1930,8,14.000
910,1930,9,5.700
911,1930,10,2.600
912,1930,11,-1.000
913,1930,12,-0.700
914,1931,1,-3.600
915,1931,2,-2.800
916,1931,3,-3.800
917,1931,4,0.900
918,1931,5,4.200
919,1931,6,7.400
920,1931,7,13.000
921,1931,8,10.000
922,1931,9,4.700
923,1931,10,1.600
924,1931,11,2.100
925,1931,12,-0.400
926,1932,1,-1.700
927,1932,2,-2.000
928,1932,3,-2.900
929,1932,4,-0.200
930,1932,5,2.500
931,1932,6,8.000
932,1932,7,11.600
933,1932,8,9.800
934,1932,9,5.000
935,1932,10,1.000
936,1932,11,0.100
937,1932,12,1.500
938,1933,1,-0.100
939,1933,2,-5.400
940,1933,3,-3.300
941,1933,4,-1.900
942,1933,5,3.100
943,1933,6,11.000
944,1933,7,12.000
945,1933,8,11.200
946,1933,9,8.300
947,1933,10,3.200
948,1933,11,-0.100
949,1933,12,-1.500
950,1934,1,0.100
951,1934,2,-3.600
952,1934,3,-1.200
953,1934,4,-0.700
954,1934,5,5.400
955,1934,6,7.100
956,1934,7,15.400
957,1934,8,13.800
958,1934,9,11.100
959,1934,10,3.500
960,1934,11,0.600
961,1934,12,-0.900
962,1935,1,-2.400
963,1935,2,-3.100
964,1935,3,-1.600
965,1935,4,0.800
966,1935,5,1.600
967,1935,6,7.400
968,1935,7,11.100
969,1935,8,11.800
970,1935,9,5.400
971,1935,10,2.900
972,1935,11,1.100
973,1935,12,-1.000
974,1936,1,-5.100
975,1936,2,-6.900
976,1936,3,-3.200
977,1936,4,0.000
978,1936,5,5.900
979,1936,6,10.800
980,1936,7,12.900
981,1936,8,11.900
982,1936,9,6.700
983,1936,10,2.100
984,1936,11,1.400
985,1936,12,0.200
986,1937,1,-1.300
987,1937,2,-5.200
988,1937,3,-3.900
989,1937,4,3.700
990,1937,5,6.200
991,1937,6,9.900
992,1937,7,15.300
993,1937,8,12.800
994,1937,9,7.600
995,1937,10,4.300
996,1937,11,0.000
997,1937,12,-3.500
998,1938,1,-2.000
999,1938,2,-0.200
1000,1938,3,-2.300
1001,1938,4,0.200
1002,1938,5,4.100
1003,1938,6,10.400
1004,1938,7,13.900
1005,1938,8,11.500
1006,1938,9,9.100
1007,1938,10,6.700
1008,1938,11,2.100
1009,1938,12,0.000
1010,1939,1,-4.500
1011,1939,2,-2.200
1012,1939,3,-1.900
1013,1939,4,-1.000
1014,1939,5,3.000
1015,1939,6,8.100
1016,1939,7,13.000
1017,1939,8,12.300
1018,1939,9,5.400
1019,1939,10,2.700
1020,1939,11,1.100
1021,1939,12,-3.400
1022,1940,1,-3.500
1023,1940,2,-5.700
1024,1940,3,-5.500
1025,1940,4,-1.500
1026,1940,5,7.500
1027,1940,6,9.400
1028,1940,7,9.300
1029,1940,8,9.700
1030,1940,9,8.000
1031,1940,10,4.000
1032,1940,11,-1.600
1033,1940,12,-2.400
1034,1941,1,-5.600
1035,1941,2,-6.000
1036,1941,3,-4.400
1037,1941,4,-1.400
1038,1941,5,2.100
1039,1941,6,7.000
1040,1941,7,14.200
1041,1941,8,11.000
1042,1941,9,6.100
1043,1941,10,0.300
1044,1941,11,0.100
1045,1941,12,-4.500
1046,1942,1,-5.200
1047,1942,2,-4.400
1048,1942,3,-5.900
1049,1942,4,-0.300
1050,1942,5,2.200
1051,1942,6,9.200
1052,1942,7,11.500
1053,1942,8,10.100
1054,1942,9,6.700
1055,1942,10,2.100
1056,1942,11,-0.900
1057,1942,12,-2.400
1058,1943,1,-5.400
1059,1943,2,-3.000
1060,1943,3,-0.800
1061,1943,4,-0.100
1062,1943,5,3.500
1063,1943,6,9.100
1064,1943,7,11.900
1065,1943,8,10.200
1066,1943,9,7.300
1067,1943,10,3.500
1068,1943,11,0.600
1069,1943,12,0.000
1070,1944,1,-2.200
1071,1944,2,-0.900
1072,1944,3,-2.300
1073,1944,4,-1.300
1074,1944,5,3.400
1075,1944,6,8.800
1076,1944,7,11.300
1077,1944,8,9.600
1078,1944,9,8.100
1079,1944,10,5.500
1080,1944,11,0.600
1081,1944,12,0.400
1082,1945,1,-4.300
1083,1945,2,-2.400
1084,1945,3,-2.400
1085,1945,4,1.400
1086,1945,5,3.800
1087,1945,6,7.600
1088,1945,7,13.100
1089,1945,8,11.500
1090,1945,9,7.200
1091,1945,10,0.200
1092,1945,11,-0.300
1093,1945,12,-3.000
1094,1946,1,-1.300
1095,1946,2,-7.300
1096,1946,3,-2.300
1097,1946,4,0.300
1098,1946,5,4.100
1099,1946,6,10.400
1100,1946,7,13.100
1101,1946,8,12.500
1102,1946,9,9.500
1103,1946,10,3.000
1104,1946,11,-1.600
1105,1946,12,0.400
1106,1947,1,-1.600
1107,1947,2,-6.800
1108,1947,3,-5.800
1109,1947,4,0.100
1110,1947,5,3.500
1111,1947,6,10.100
1112,1947,7,12.300
1113,1947,8,10.500
1114,1947,9,7.600
1115,1947,10,2.400
1116,1947,11,-2.700
1117,1947,12,-3.400
1118,1948,1,-6.100
1119,1948,2,-2.200
1120,1948,3,-1.700
1121,1948,4,1.600
1122,1948,5,5.300
1123,1948,6,7.600
1124,1948,7,13.900
1125,1948,8,8.900
1126,1948,9,7.200
1127,1948,10,2.600
1128,1948,11,0.300
1129,1948,12,0.000
1130,1949,1,-2.900
1131,1949,2,-0.800
1132,1949,3,-1.900
1133,1949,4,0.300
1134,1949,5,4.700
1135,1949,6,8.800
1136,1949,7,9.100
1137,1949,8,9.000
1138,1949,9,8.300
1139,1949,10,1.800
1140,1949,11,1.300
1141,1949,12,-2.100
1142,1950,1,-3.900
1143,1950,2,-3.800
1144,1950,3,-1.900
1145,1950,4,2.600
1146,1950,5,3.400
1147,1950,6,10.300
1148,1950,7,12.000
1149,1950,8,13.400
1150,1950,9,8.400
1151,1950,10,5.300
1152,1950,11,0.000
1153,1950,12,-2.500
1154,1951,1,-4.400
1155,1951,2,-2.300
1156,1951,3,-3.000
1157,1951,4,1.300
1158,1951,5,2.900
1159,1951,6,6.200
1160,1951,7,9.800
1161,1951,8,11.700
1162,1951,9,7.400
1163,1951,10,7.300
1164,1951,11,-2.700
1165,1951,12,-1.600
1166,1952,1,-3.300
1167,1952,2,-3.000
1168,1952,3,-3.100
1169,1952,4,1.700
1170,1952,5,4.700
1171,1952,6,10.600
1172,1952,7,10.600
1173,1952,8,8.500
1174,1952,9,6.600
1175,1952,10,2.000
1176,1952,11,-1.100
1177,1952,12,-3.800
1178,1953,1,-3.000
1179,1953,2,-5.100
1180,1953,3,-1.400
1181,1953,4,0.900
1182,1953,5,3.900
1183,1953,6,12.200
1184,1953,7,12.400
1185,1953,8,12.200
1186,1953,9,6.800
1187,1953,10,5.800
1188,1953,11,2.100
1189,1953,12,2.600
1190,1954,1,-1.700
1191,1954,2,-3.300
1192,1954,3,-2.200
1193,1954,4,1.000
1194,1954,5,6.600
1195,1954,6,8.200
1196,1954,7,14.700
1197,1954,8,11.300
1198,1954,9,8.000
1199,1954,10,2.900
1200,1954,11,-0.700
1201,1954,12,-0.200
1202,1955,1,-3.800
1203,1955,2,-5.900
1204,1955,3,-2.800
1205,1955,4,-0.900
1206,1955,5,3.200
1207,1955,6,6.100
1208,1955,7,10.500
1209,1955,8,10.800
1210,1955,9,8.900
1211,1955,10,2.000
1212,1955,11,-1.900
1213,1955,12,-6.800
1214,1956,1,-5.100
1215,1956,2,-4.700
1216,1956,3,-0.600
1217,1956,4,-1.100
1218,1956,5,5.000
1219,1956,6,8.800
1220,1956,7,12.400
1221,1956,8,10.100
1222,1956,9,6.100
1223,1956,10,3.100
1224,1956,11,-1.000
1225,1956,12,-1.600
1226,1957,1,-0.800
1227,1957,2,-4.200
1228,1957,3,-1.500
1229,1957,4,1.900
1230,1957,5,4.200
1231,1957,6,6.900
1232,1957,7,12.600
1233,1957,8,10.300
1234,1957,9,7.400
1235,1957,10,3.900
1236,1957,11,1.500
1237,1957,12,-3.400
1238,1958,1,-3.800
1239,1958,2,-5.700
1240,1958,3,-4.200
1241,1958,4,1.200
1242,1958,5,4.300
1243,1958,6,8.600
1244,1958,7,10.200
1245,1958,8,11.400
1246,1958,9,7.400
1247,1958,10,4.600
1248,1958,11,2.900
1249,1958,12,-3.700
1250,1959,1,-4.700
1251,1959,2,1.600
1252,1959,3,1.900
1253,1959,4,2.100
1254,1959,5,5.300
1255,1959,6,9.300
1256,1959,7,11.000
1257,1959,8,10.700
1258,1959,9,6.400
1259,1959,10,4.100
1260,1959,11,1.900
1261,1959,12,-1.900
1262,1960,1,-3.900
1263,1960,2,-5.300
1264,1960,3,0.700
1265,1960,4,3.700
1266,1960,5,6.400
1267,1960,6,8.500
1268,1960,7,14.400
1269,1960,8,12.400
1270,1960,9,8.800
1271,1960,10,0.400
1272,1960,11,-1.800
1273,1960,12,-2.500
1274,1961,1,-1.900
1275,1961,2,-1.900
1276,1961,3,-1.500
1277,1961,4,-0.700
1278,1961,5,4.800
1279,1961,6,9.600
1280,1961,7,12.900
1281,1961,8,11.900
1282,1961,9,8.000
1283,1961,10,6.600
1284,1961,11,1.600
1285,1961,12,-3.800
1286,1962,1,-3.600
1287,1962,2,-2.900
1288,1962,3,-6.300
1289,1962,4,1.800
1290,1962,5,4.100
1291,1962,6,7.500
1292,1962,7,9.900
1293,1962,8,10.000
1294,1962,9,7.300
1295,1962,10,3.100
1296,1962,11,1.000
1297,1962,12,-4.100
1298,1963,1,-3.700
1299,1963,2,-5.400
1300,1963,3,-4.300
1301,1963,4,1.400
1302,1963,5,8.300
1303,1963,6,9.000
1304,1963,7,10.400
1305,1963,8,11.700
1306,1963,9,9.200
1307,1963,10,4.800
1308,1963,11,-0.800
1309,1963,12,-1.300
1310,1964,1,0.100
1311,1964,2,-3.600
1312,1964,3,0.200
1313,1964,4,0.900
1314,1964,5,6.100
1315,1964,6,7.300
1316,1964,7,11.700
1317,1964,8,10.300
1318,1964,9,
1319,1964,10,6.110
1320,1964,11,-0.368
1321,1964,12,-0.865
1322,1965,1,-3.202
1323,1965,2,-3.200
1324,1965,3,-4.053
1325,1965,4,1.278
1326,1965,5,2.392
1327,1965,6,8.452
1328,1965,7,9.253
1329,1965,8,9.811
1330,1965,9,8.423
1331,1965,10,3.144
1332,1965,11,-2.352
1333,1965,12,-5.210
1334,1966,1,-5.161
1335,1966,2,-8.727
1336,1966,3,-5.174
1337,1966,4,-1.570
1338,1966,5,2.800
1339,1966,6,9.852
1340,1966,7,12.235
1341,1966,8,10.073
1342,1966,9,3.957
1343,1966,10,0.839
1344,1966,11,1.618
1345,1966,12,-1.973
1346,1967,1,-5.873
1347,1967,2,-3.359
1348,1967,3,-0.347
1349,1967,4,0.808
1350,1967,5,5.394
1351,1967,6,8.760
1352,1967,7,11.019
1353,1967,8,11.032
1354,1967,9,9.513
1355,1967,10,2.340
1356,1967,11,2.865
1357,1967,12,-5.705
1358,1968,1,-6.732
1359,1968,2,-3.797
1360,1968,3,-3.119
1361,1968,4,0.137
1362,1968,5,2.563
1363,1968,6,8.153
1364,1968,7,9.135
1365,1968,8,9.069
1366,1968,9,5.862
1367,1968,10,-1.366
1368,1968,11,0.755
1369,1968,12,0.510
1370,1969,1,-4.235
1371,1969,2,-4.282
1372,1969,3,-2.874
1373,1969,4,0.333
1374,1969,5,4.671
1375,1969,6,9.947
1376,1969,7,13.323
1377,1969,8,12.700
1378,1969,9,7.602
1379,1969,10,4.540
1380,1969,11,-0.992
1381,1969,12,-1.215
1382,1970,1,-3.339
1383,1970,2,-7.684
1384,1970,3,-1.776
1385,1970,4,-0.362
1386,1970,5,5.071
1387,1970,6,10.642
1388,1970,7,13.092
1389,1970,8,11.958
1390,1970,9,7.577
1391,1970,10,4.805
1392,1970,11,-2.413
1393,1970,12,-1.271
1394,1971,1,-3.703
1395,1971,2,-4.211
1396,1971,3,-4.605
1397,1971,4,-0.352
1398,1971,5,3.848
1399,1971,6,10.463
1400,1971,7,10.531
1401,1971,8,11.253
1402,1971,9,6.807
1403,1971,10,2.768
1404,1971,11,-2.528
1405,1971,12,-0.671
1406,1972,1,-0.134
1407,1972,2,-2.347
1408,1972,3,-1.503
1409,1972,4,0.698
1410,1972,5,5.247
1411,1972,6,12.690
1412,1972,7,13.989
1413,1972,8,11.748
1414,1972,9,6.945
1415,1972,10,3.323
1416,1972,11,-0.037
1417,1972,12,2.311
1418,1973,1,-0.271
1419,1973,2,-3.584
1420,1973,3,-1.655
1421,1973,4,0.460
1422,1973,5,5.035
1423,1973,6,10.058
1424,1973,7,14.279
1425,1973,8,9.760
1426,1973,9,5.288
1427,1973,10,0.610
1428,1973,11,-2.692
1429,1973,12,-4.255
1430,1974,1,-1.606
1431,1974,2,-2.718
1432,1974,3,0.916
1433,1974,4,1.765
1434,1974,5,5.919
1435,1974,6,11.332
1436,1974,7,13.526
1437,1974,8,11.468
1438,1974,9,8.663
1439,1974,10,2.445
1440,1974,11,-1.630
1441,1974,12,-1.545
1442,1975,1,-3.645
1443,1975,2,-0.323
1444,1975,3,0.118
1445,1975,4,1.085
1446,1975,5,5.247
1447,1975,6,7.037
1448,1975,7,9.858
1449,1975,8,8.998
1450,1975,9,7.443
1451,1975,10,3.363
1452,1975,11,1.032
1453,1975,12,-3.129
1454,1976,1,-7.216
1455,1976,2,-0.802
1456,1976,3,-1.748
1457,1976,4,0.348
1458,1976,5,6.561
1459,1976,6,9.280
1460,1976,7,11.245
1461,1976,8,10.997
1462,1976,9,5.137
1463,1976,10,1.756
1464,1976,11,-0.882
1465,1976,12,-4.037
1466,1977,1,-4.179
1467,1977,2,-4.998
1468,1977,3,-2.715
1469,1977,4,-1.057
1470,1977,5,3.721
1471,1977,6,7.528
1472,1977,7,12.055
1473,1977,8,11.390
1474,1977,9,5.967
1475,1977,10,3.418
1476,1977,11,0.768
1477,1977,12,-1.876
1478,1978,1,-5.352
1479,1978,2,-5.980
1480,1978,3,-3.877
1481,1978,4,0.107
1482,1978,5,4.727
1483,1978,6,11.132
1484,1978,7,12.913
1485,1978,8,10.968
1486,1978,9,5.532
1487,1978,10,1.392
1488,1978,11,-0.170
1489,1978,12,-5.584
1490,1979,1,-6.258
1491,1979,2,-4.698
1492,1979,3,-2.169
1493,1979,4,0.077
1494,1979,5,4.724
1495,1979,6,9.363
1496,1979,7,13.724
1497,1979,8,11.300
1498,1979,9,7.103
1499,1979,10,2.308
1500,1979,11,-1.465
1501,1979,12,-1.955
1502,1980,1,-3.569
1503,1980,2,-4.076
1504,1980,3,-2.361
1505,1980,4,2.622
1506,1980,5,5.642
1507,1980,6,11.750
1508,1980,7,12.232
1509,1980,8,11.569
1510,1980,9,7.518
1511,1980,10,2.282
1512,1980,11,-3.000
1513,1980,12,-3.792
1514,1981,1,-4.810
1515,1981,2,-2.918
1516,1981,3,-5.550
1517,1981,4,0.265
1518,1981,5,5.050
1519,1981,6,6.270
1520,1981,7,11.305
1521,1981,8,9.937
1522,1981,9,7.128
1523,1981,10,2.485
1524,1981,11,-1.313
1525,1981,12,-5.831
1526,1982,1,-5.271
1527,1982,2,-0.921
1528,1982,3,-0.998
1529,1982,4,0.888
1530,1982,5,4.529
1531,1982,6,5.737
1532,1982,7,11.885
1533,1982,8,10.371
1534,1982,9,5.905
1535,1982,10,3.285
1536,1982,11,0.572
1537,1982,12,-1.311
1538,1983,1,-1.990
1539,1983,2,-2.621
1540,1983,3,-1.460
1541,1983,4,2.495
1542,1983,5,6.985
1543,1983,6,8.762
1544,1983,7,11.900
1545,1983,8,8.852
1546,1983,9,8.750
1547,1983,10,2.245
1548,1983,11,-2.840
1549,1983,12,-4.003
1550,1984,1,-3.832
1551,1984,2,-0.198
1552,1984,3,-2.731
1553,1984,4,2.772
1554,1984,5,7.771
1555,1984,6,10.278
1556,1984,7,10.081
1557,1984,8,10.281
1558,1984,9,6.238
1559,1984,10,2.856
1560,1984,11,-1.227
1561,1984,12,0.845
1562,1985,1,-4.589
1563,1985,2,-8.445
1564,1985,3,-2.008
1565,1985,4,-1.760
1566,1985,5,3.495
1567,1985,6,8.960
1568,1985,7,14.024
1569,1985,8,12.008
1570,1985,9,6.185
1571,1985,10,3.547
1572,1985,11,-1.887
1573,1985,12,-5.958
1574,1986,1,-6.627
1575,1986,2,-3.846
1576,1986,3,0.077
1577,1986,4,-0.697
1578,1986,5,7.111
1579,1986,6,10.683
1580,1986,7,11.987
1581,1986,8,9.916
1582,1986,9,5.138
1583,1986,10,3.755
1584,1986,11,0.313
1585,1986,12,-6.381
1586,1987,1,-6.287
1587,1987,2,-6.961
1588,1987,3,-3.758
1589,1987,4,0.822
1590,1987,5,4.524
1591,1987,6,8.288
1592,1987,7,9.677
1593,1987,8,9.066
1594,1987,9,6.832
1595,1987,10,6.885
1596,1987,11,-1.460
1597,1987,12,-4.553
1598,1988,1,-4.340
1599,1988,2,-5.760
1600,1988,3,-3.805
1601,1988,4,-2.048
1602,1988,5,4.145
1603,1988,6,9.565
1604,1988,7,13.879
1605,1988,8,10.779
1606,1988,9,7.558
1607,1988,10,2.573
1608,1988,11,-2.273
1609,1988,12,-4.379
1610,1989,1,-1.100
1611,1989,2,-2.688
1612,1989,3,-0.413
1613,1989,4,3.400
1614,1989,5,5.763
1615,1989,6,10.228
1616,1989,7,10.439
1617,1989,8,12.190
1618,1989,9,7.935
1619,1989,10,2.282
1620,1989,11,0.488
1621,1989,12,-4.324
1622,1990,1,-2.961
1623,1990,2,-0.293
1624,1990,3,-1.471
1625,1990,4,2.185
1626,1990,5,4.082
1627,1990,6,10.940
1628,1990,7,13.274
1629,1990,8,12.489
1630,1990,9,8.162
1631,1990,10,4.276
1632,1990,11,-2.027
1633,1990,12,0.729
1634,1991,1,-1.881
1635,1991,2,-2.563
1636,1991,3,-2.190
1637,1991,4,1.695
1638,1991,5,4.295
1639,1991,6,11.182
1640,1991,7,11.519
1641,1991,8,11.721
1642,1991,9,5.625
1643,1991,10,3.844
1644,1991,11,0.270
1645,1991,12,0.329
1646,1992,1,-0.619
1647,1992,2,-0.505
1648,1992,3,0.171
1649,1992,4,0.082
1650,1992,5,5.608
1651,1992,6,10.667
1652,1992,7,10.702
1653,1992,8,10.681
1654,1992,9,8.278
1655,1992,10,-1.547
1656,1992,11,-2.638
1657,1992,12,0.232
1658,1993,1,-1.015
1659,1993,2,-1.321
1660,1993,3,-1.179
1661,1993,4,0.450
1662,1993,5,5.010
1663,1993,6,7.265
1664,1993,7,14.116
1665,1993,8,11.834
1666,1993,9,5.622
1667,1993,10,0.961
1668,1993,11,2.107
1669,1993,12,-3.645
1670,1994,1,-6.066
1671,1994,2,-3.254
1672,1994,3,-1.192
1673,1994,4,2.675
1674,1994,5,4.385
1675,1994,6,9.058
1676,1994,7,11.135
1677,1994,8,10.998
1678,1994,9,7.107
1679,1994,10,2.368
1680,1994,11,-0.293
1681,1994,12,0.461
1682,1995,1,-1.734
1683,1995,2,-3.491
1684,1995,3,-0.990
1685,1995,4,0.475
1686,1995,5,4.826
1687,1995,6,9.877
1688,1995,7,10.298
1689,1995,8,9.790
1690,1995,9,7.007
1691,1995,10,2.027
1692,1995,11,-1.977
1693,1995,12,-3.658
1694,1996,1,-0.431
1695,1996,2,-5.355
1696,1996,3,-0.742
1697,1996,4,-0.280
1698,1996,5,3.487
1699,1996,6,9.638
1700,1996,7,11.423
1701,1996,8,12.311
1702,1996,9,6.872
1703,1996,10,3.950
1704,1996,11,-0.882
1705,1996,12,-4.369
1706,1997,1,-3.542
1707,1997,2,-4.557
1708,1997,3,-2.366
1709,1997,4,-1.938
1710,1997,5,3.518
1711,1997,6,9.903
1712,1997,7,12.931
1713,1997,8,12.516
1714,1997,9,9.035
1715,1997,10,2.160
1716,1997,11,-1.162
1717,1997,12,-0.194
1718,1998,1,-3.858
1719,1998,2,-5.313
1720,1998,3,-3.084
1721,1998,4,-0.200
1722,1998,5,4.240
1723,1998,6,10.445
1724,1998,7,15.015
1725,1998,8,11.861
1726,1998,9,7.400
1727,1998,10,3.035
1728,1998,11,-1.722
1729,1998,12,-1.123
1730,1999,1,-3.474
1731,1999,2,-4.104
1732,1999,3,-1.919
1733,1999,4,1.148
1734,1999,5,5.223
1735,1999,6,10.688
1736,1999,7,11.323
1737,1999,8,9.331
1738,1999,9,9.372
1739,1999,10,4.440
1740,1999,11,3.440
1741,1999,12,-4.318
1742,2000,1,-1.779
1743,2000,2,-3.007
1744,2000,3,-2.682
1745,2000,4,-0.325
1746,2000,5,5.818
1747,2000,6,9.002
1748,2000,7,11.940
1749,2000,8,10.948
1750,2000,9,8.152
1751,2000,10,6.402
1752,2000,11,0.573
1753,2000,12,-2.445
1754,2001,1,-1.384
1755,2001,2,-5.505
1756,2001,3,-4.985
1757,2001,4,0.032
1758,2001,5,5.018
1759,2001,6,10.848
1760,2001,7,11.297
1761,2001,8,11.300
1762,2001,9,8.987
1763,2001,10,3.203
1764,2001,11,-0.358
1765,2001,12,-2.469
1766,2002,1,-2.808
1767,2002,2,-3.064
1768,2002,3,-1.689
1769,2002,4,3.803
1770,2002,5,7.748
1771,2002,6,10.963
1772,2002,7,13.434
1773,2002,8,12.558
1774,2002,9,7.463
1775,2002,10,0.635
1776,2002,11,-3.083
1777,2002,12,-3.981
1778,2003,1,-6.997
1779,2003,2,0.432
1780,2003,3,-0.144
1781,2003,4,1.852
1782,2003,5,6.706
1783,2003,6,9.480
1784,2003,7,14.539
1785,2003,8,12.132
1786,2003,9,7.105
1787,2003,10,2.423
1788,2003,11,2.272
1789,2003,12,-2.718
1790,2004,1,-4.284
1791,2004,2,-3.509
1792,2004,3,-0.100
1793,2004,4,3.365
1794,2004,5,6.313
1795,2004,6,8.600
1796,2004,7,15.085
1797,2004,8,12.047
1798,2004,9,7.965
1799,2004,10,2.963
1800,2004,11,-0.060
1801,2004,12,0.023
1802,2005,1,-1.335
1803,2005,2,-1.348
1804,2005,3,-2.285
1805,2005,4,2.787
1806,2005,5,5.027
1807,2005,6,10.365
1808,2005,7,12.966
1809,2005,8,11.815
1810,2005,9,7.463
1811,2005,10,5.063
1812,2005,11,1.800
1813,2005,12,-2.500
1814,2006,1,0.200
1815,2006,2,-2.300
1816,2006,3,-4.485
1817,2006,4,2.333
1818,2006,5,7.226
1819,2006,6,9.393
1820,2006,7,11.071
1821,2006,8,11.400
1822,2006,9,7.905
1823,2006,10,1.531
1824,2006,11,0.738
1825,2006,12,0.752
1826,2007,1,-3.179
1827,2007,2,-6.938
1828,2007,3,0.737
1829,2007,4,1.360
1830,2007,5,6.010
1831,2007,6,9.997
1832,2007,7,14.115
1833,2007,8,11.698
1834,2007,9,6.775
1835,2007,10,6.227
1836,2007,11,0.337
1837,2007,12,1.474
1838,2008,1,-1.792
1839,2008,2,-1.453
1840,2008,3,-3.456
1841,2008,4,-0.188
1842,2008,5,4.513
1843,2008,6,8.907
1844,2008,7,11.306
1845,2008,8,10.056
1846,2008,9,7.327
1847,2008,10,3.731
1848,2008,11,-0.343
1849,2008,12,-0.239
1850,2009,1,-2.710
1851,2009,2,-4.143
1852,2009,3,-1.889
1853,2009,4,0.742
1854,2009,5,7.240
1855,2009,6,8.490
1856,2009,7,12.661
1857,2009,8,13.045
1858,2009,9,8.692
1859,2009,10,2.190
1860,2009,11,0.525
1861,2009,12,-4.265
1862,2010,1,-3.060
1863,2010,2,-7.338
1864,2010,3,-4.494
1865,2010,4,1.587
1866,2010,5,7.203
1867,2010,6,7.482
1868,2010,7,11.837
1869,2010,8,10.016
1870,2010,9,8.145
1871,2010,10,3.581
1872,2010,11,-2.262
1873,2010,12,-2.958
1874,2011,1,-3.631
1875,2011,2,-4.114
1876,2011,3,-1.155
1877,2011,4,3.330
1878,2011,5,6.774
1879,2011,6,11.407
1880,2011,7,11.832
1881,2011,8,12.347
1882,2011,9,10.213
1883,2011,10,6.047
1884,2011,11,3.973
1885,2011,12,-0.626
1886,2012,1,-3.398
1887,2012,2,-2.724
1888,2012,3,0.010
1889,2012,4,-0.325
1890,2012,5,4.384
1891,2012,6,8.948
1892,2012,7,11.087
1893,2012,8,10.005
1894,2012,9,7.432
1895,2012,10,2.781
1896,2012,11,0.838
1897,2012,12,-3.932
0,2013,1,-1.9205197132616527
1,2013,2,-3.290972222222225
2,2013,3,-3.9474910394265215
3,2013,4,1.6223148148148148
4,2013,5,9.739247311827953
5,2013,6,12.108240740740738
6,2013,7,12.485215053763444
7,2013,8,12.417562724014347
8,2013,9,10.408703703703713
9,2013,10,2.708602150537638
10,2013,11,-0.2884259259259221
11,2013,12,-0.4185483870967744
12,2014,1,-5.560215053763439
13,2014,2,0.4531746031746072
14,2014,3,-0.033064516129031794
15,2014,4,1.7388888888888905
16,2014,5,5.212365591397858
17,2014,6,9.240185185185188
18,2014,7,15.749103942652333
19,2014,8,12.0891577060932
20,2014,9,7.9497222222222135
21,2014,10,3.730107526881719
22,2014,11,0.5845370370370361
23,2014,12,-1.825089605734765
24,2015,1,-4.149910394265231
25,2015,2,-0.8264880952381009
26,2015,3,1.6251792114695365
27,2015,4,2.663518518518519
28,2015,5,6.7014336917562725
29,2015,6,7.945277777777776
30,2015,7,11.868458781362007
31,2015,8,13.358691756272405
32,2015,9,9.831203703703702
33,2015,10,4.956182795698925
34,2015,11,1.6432407407407408
35,2015,12,0.2407706093189945
36,2016,1,-4.523745519713263
37,2016,2,-1.6683908045976952
38,2016,3,0.5215949820788524
39,2016,4,3.4692592592592515
40,2016,5,8.00519713261649
41,2016,6,9.314907407407404
42,2016,7,12.639336917562721
43,2016,8,10.924551971326165
44,2016,9,9.961203703703703
45,2016,10,4.526612903225806
46,2016,11,0.5015740740740703
47,2016,12,0.9234767025089654
48,2017,1,-1.0215949820788577
49,2017,2,-2.487400793650792
50,2017,3,-0.9525985663082438
51,2017,4,0.73
52,2017,5,3.7905017921146977
53,2017,6,10.331296296296292
54,2017,7,11.882526881720427
55,2017,8,11.149820788530466
56,2017,9,10.191481481481476
57,2017,10,4.232168458781362
58,2017,11,0.4805555555555527
59,2017,12,-1.7235663082437311
60,2018,1,-3.8860215053763447
61,2018,2,-4.07698412698413
62,2018,3,-4.4094086021505365
63,2018,4,2.3602777777777777
64,2018,5,8.385304659498209
65,2018,6,7.609166666666662
66,2018,7,14.5505376344086
67,2018,8,11.419444444444446
68,2018,9,7.818796296296296
69,2018,10,2.9324372759856567
70,2018,11,2.831759259259267
71,2018,12,-1.5607526881720486
72,2019,1,-5.693727598566311
73,2019,2,-4.040972222222221
74,2019,3,-3.4775985663082425
75,2019,4,1.966111111111108
76,2019,5,5.3139784946236555
77,2019,6,8.811388888888885
78,2019,7,12.29516129032258
79,2019,8,10.987903225806457
80,2019,9,7.746759259259256
81,2019,10,3.3915770609318976
82,2019,11,0.10972222222222112
83,2019,12,-1.8942528735632158
